{
  "project_info": {
    "project_number": "193070307385",
    "firebase_url": "https://esp-demo-a8f22-default-rtdb.asia-southeast1.firebasedatabase.app",
    "project_id": "esp-demo-a8f22",
    "storage_bucket": "esp-demo-a8f22.appspot.com"
  },
  "client": [
    {
      "client_info": {
        "mobilesdk_app_id": "1:193070307385:android:dbb83862b1c32f136015e8",
        "android_client_info": {
          "package_name": "com.jyotitelecommple.wfm"
        }
      },
      "oauth_client": [],
      "api_key": [
        {
          "current_key": "AIzaSyCiKfWUnzl44ZjjVGuiVTSU4odj2iMHXIc"
        }
      ],
      "services": {
        "appinvite_service": {
          "other_platform_oauth_client": []
        }
      }
    }
  ],
  "configuration_version": "1"
}